original_filename,new_filename
1.jpg,1.jpg
10.jpg,2.jpg
100.jpg,3.jpg
101.jpg,4.jpg
102.jpg,5.jpg
103.jpg,6.jpg
104.jpg,7.jpg
105.jpg,8.jpg
1051_jpg.rf.674112912893139fd77e3fb0861a372e.jpg,9.jpg
1056_jpg.rf.9262d441cdd897ca30d68d5d48cae3b6.jpg,10.jpg
106.jpg,11.jpg
107.jpg,12.jpg
108.jpg,13.jpg
109.jpg,14.jpg
11.jpg,15.jpg
110.jpg,16.jpg
111.jpg,17.jpg
1119_jpg.rf.a59224eeeca90ff229a4cb4ce0bf04d0.jpg,18.jpg
112.jpg,19.jpg
113.jpg,20.jpg
114.jpg,21.jpg
1141_jpg.rf.4a77d5932e4367bcbfd13ec01c0a42c8.jpg,22.jpg
115.jpg,23.jpg
116.jpg,24.jpg
117.jpg,25.jpg
1170_jpg.rf.6ad184143a9f63590a42e516fcbaf8a6.jpg,26.jpg
1175_jpg.rf.cd7bed29a4fbe6601f24f97b9ae9e695.jpg,27.jpg
118.jpg,28.jpg
119.jpg,29.jpg
12.jpg,30.jpg
120.jpg,31.jpg
121.jpg,32.jpg
122.jpg,33.jpg
123.jpg,34.jpg
124.jpg,35.jpg
125.jpg,36.jpg
126.jpg,37.jpg
127.jpg,38.jpg
128.jpg,39.jpg
129.jpg,40.jpg
13.jpg,41.jpg
14.jpg,42.jpg
15.jpg,43.jpg
158644895_882858708940191_8856443046584616079_n-1-_jpg.rf.107bc1746f0a53f5257d7524d08b7bb2.jpg,44.jpg
16.jpg,45.jpg
17.jpg,46.jpg
18.jpg,47.jpg
19.jpg,48.jpg
2.jpg,49.jpg
20.jpg,50.jpg
20230314_202255-1_jpg.rf.dd3c2ef16640059dffa1e281d04f7abf.jpg,51.jpg
21.jpg,52.jpg
22.jpg,53.jpg
23.jpg,54.jpg
24.jpg,55.jpg
242_jpg.rf.ee140255f74a036241aa80044c4973b9.jpg,56.jpg
25.jpg,57.jpg
257_jpg.rf.477405d6568f2d6aae1c046722adf7f3.jpg,58.jpg
26.jpg,59.jpg
267_jpg.rf.d4ef8fc15934480a8cabb382dac06350.jpg,60.jpg
27.jpg,61.jpg
28.jpg,62.jpg
280472860_3253326101569480_656127941706098227_n_jpg.rf.f809d33d8956523284b3292cbef0b0f1.jpg,63.jpg
29.jpg,64.jpg
3.jpg,65.jpg
30.jpg,66.jpg
31-_jpg.rf.5b22f58d94630dc6861319bcc0ab4441.jpg,67.jpg
31.jpg,68.jpg
32.jpg,69.jpg
33.jpg,70.jpg
336626532_2845025505628685_480944166260794579_n_jpg.rf.3863ddaf9c6d0c794b9df09e143197ff.jpg,71.jpg
336632303_1618865751894131_5702171164781512821_n_jpg.rf.6039a337137d15c97b9d1b3eff906dcc.jpg,72.jpg
338463329_561868809374722_6622703787020849342_n_jpg.rf.4757a14495912fed39454f8445dd17cf.jpg,73.jpg
338480453_549551287278748_2968210965811902116_n_jpg.rf.0a80889049e3301c11e416748a2f36d3.jpg,74.jpg
338571235_956165858717725_5550191078409709227_n_jpg.rf.4edf67cc759dd91582e8c6c6448856c7.jpg,75.jpg
338607029_1667609340348863_3268334532489466253_n_jpg.rf.3bea7fc4827cf05bcee2e5d1b4dadb6c.jpg,76.jpg
338641379_1229463831043136_4362203009589297181_n_jpg.rf.1356843d9712dcae4cc6fb26553784bf.jpg,77.jpg
338641382_241760854879038_3878692225889725628_n_jpg.rf.584616118a4534501e274d09aabd3263.jpg,78.jpg
339833641_910570010263716_6181331235988388283_n_jpg.rf.3bd5ed92a1bd758ae0e7d9ff57832b30.jpg,79.jpg
34.jpg,80.jpg
340012641_1306789403209346_2122369568204677931_n_jpg.rf.944688b7e6864e729afcd9c3d4e64b6b.jpg,81.jpg
340105458_171891585339185_4730613898128339589_n_jpg.rf.2303e582adc4bc7c4193956a7cf80cda.jpg,82.jpg
340202042_5808501175944286_57438078114504943_n_jpg.rf.79f57b0a4ff159f324f3341b358f2b0e.jpg,83.jpg
340698438_643327210953683_1953326738123649125_n_jpg.rf.3d521f8fefacaee2870fc0cf75e16e96.jpg,84.jpg
35.jpg,85.jpg
36.jpg,86.jpg
360_jpg.rf.33a600a3bc0f5cb57efcbad6c791e6a3.jpg,87.jpg
37.jpg,88.jpg
38.jpg,89.jpg
39.jpg,90.jpg
4.jpg,91.jpg
40.jpg,92.jpg
41.jpg,93.jpg
42.jpg,94.jpg
425_jpg.rf.160dc641d4e04b8412bbc958219181db.jpg,95.jpg
43.jpg,96.jpg
44.jpg,97.jpg
45.jpg,98.jpg
46.jpg,99.jpg
47.jpg,100.jpg
48.jpg,101.jpg
49.jpg,102.jpg
5.jpg,103.jpg
50.jpg,104.jpg
505_jpg.rf.776125ff578b0a5930f186aa8d4455dd.jpg,105.jpg
506_jpg.rf.ed43f14ea0bfb2367b2e75051f8e085b.jpg,106.jpg
51.jpg,107.jpg
52.jpg,108.jpg
53.jpg,109.jpg
54.jpg,110.jpg
55.jpg,111.jpg
56.jpg,112.jpg
57.jpg,113.jpg
58.jpg,114.jpg
59.jpg,115.jpg
6.jpg,116.jpg
60.jpg,117.jpg
61.jpg,118.jpg
62.jpg,119.jpg
63.jpg,120.jpg
64.jpg,121.jpg
65.jpg,122.jpg
66.jpg,123.jpg
67.jpg,124.jpg
68.jpg,125.jpg
69.jpg,126.jpg
7.jpg,127.jpg
70.jpg,128.jpg
707_jpg.rf.52934cb78eff151a8a36dc33e83f129f.jpg,129.jpg
71.jpg,130.jpg
72.jpg,131.jpg
73.jpg,132.jpg
74.jpg,133.jpg
75.jpg,134.jpg
76.jpg,135.jpg
767_jpg.rf.1336357c9aab65cf650c62e3130b52a8.jpg,136.jpg
77.jpg,137.jpg
78.jpg,138.jpg
79.jpg,139.jpg
8.jpg,140.jpg
80.jpg,141.jpg
81.jpg,142.jpg
82.jpg,143.jpg
83.jpg,144.jpg
832_jpg.rf.35af0425ea685544d17d402a1033fb1d.jpg,145.jpg
84.jpg,146.jpg
85.jpg,147.jpg
86.jpg,148.jpg
87.jpg,149.jpg
88.jpg,150.jpg
89.jpg,151.jpg
9.jpg,152.jpg
90.jpg,153.jpg
91.jpg,154.jpg
92.jpg,155.jpg
93.jpg,156.jpg
94.jpg,157.jpg
95.jpg,158.jpg
96.jpg,159.jpg
97.jpg,160.jpg
98.jpg,161.jpg
99.jpg,162.jpg
SKMBT_75122072616550_Page_59_Image_0001_png_jpg.rf.a28f1e697206b0ab5c3578dff504472f.jpg,163.jpg
SKMBT_75122072616550_Page_63_Image_0001_png_jpg.rf.6779fe824308519b0cc2464e99fb3632.jpg,164.jpg
SKMBT_75122072616570_Page_05_Image_0001_png_jpg.rf.60d0eababbb9e677395b108ca9a4e56d.jpg,165.jpg
SKMBT_75122072616570_Page_06_Image_0001_png_jpg.rf.99089c14731321f1945bcd8e7da93bb9.jpg,166.jpg
WhatsApp-Image-2023-03-14-at-1-23-56-PM_jpeg.rf.0c58d685040f751df505ecee42a18b88.jpg,167.jpg
WhatsApp-Image-2023-03-14-at-1-23-58-PM-1-_jpeg.rf.e9bcb2ec5f7888a4bd2fa014b67b5b41.jpg,168.jpg
WhatsApp-Image-2023-03-21-at-8-29-59-PM-1-_jpeg.rf.2afdb8dca78a22423d112e0f25e64978.jpg,169.jpg
WhatsApp-Image-2023-03-21-at-8-30-01-PM_jpeg.rf.f57325803e4c739fdaabd7dd5283fb03.jpg,170.jpg
WhatsApp-Image-2023-03-21-at-8-30-02-PM-1-_jpeg.rf.a70e2a6d70e9db7ec04532647f8123db.jpg,171.jpg
WhatsApp-Image-2023-03-21-at-8-30-02-PM_jpeg.rf.70b26f5203b06505c74482ea1e430567.jpg,172.jpg
WhatsApp-Image-2023-03-21-at-8-30-03-PM-2-_jpeg.rf.377d278c81304f8956d6be9fa3abeb11.jpg,173.jpg
WhatsApp-Image-2023-03-21-at-8-30-06-PM_jpeg.rf.fca8b2941f230f4b32a8438b01677533.jpg,174.jpg
WhatsApp-Image-2023-03-23-at-8-59-02-PM_jpeg.rf.511dfbd7bceb5da2f82e553297a0c5e6.jpg,175.jpg
WhatsApp-Image-2023-03-23-at-8-59-03-PM_jpeg.rf.57eee63984ccb1d37c673a6b78420d38.jpg,176.jpg
WhatsApp-Image-2023-03-23-at-8-59-05-PM-1-_jpeg.rf.425af33744cffdc7a747956dc404d557.jpg,177.jpg
WhatsApp-Image-2023-03-23-at-8-59-05-PM_jpeg.rf.655be8d4922af124f5eb2bd3cae03e0a.jpg,178.jpg
WhatsApp-Image-2023-03-23-at-8-59-07-PM-1-_jpeg.rf.c0cb49321e5d3e88c4a8fdf5c58ee092.jpg,179.jpg
WhatsApp-Image-2023-03-23-at-8-59-07-PM_jpeg.rf.7c893d2a919b41de8d28c8498472f3fa.jpg,180.jpg
WhatsApp-Image-2023-03-23-at-8-59-08-PM-1-_jpeg.rf.f3c41e4014ac762a059757eda1978b14.jpg,181.jpg
WhatsApp-Image-2023-03-23-at-8-59-08-PM_jpeg.rf.b7b31daaa57973d75d11ba4b0eb268d0.jpg,182.jpg
WhatsApp-Image-2023-03-23-at-8-59-09-PM_jpeg.rf.07df3554c7424c15eb3e7414e2d38927.jpg,183.jpg
WhatsApp-Image-2023-03-23-at-8-59-12-PM-1-_jpeg.rf.c66faaeeddd1819aa5d6192e013d0e30.jpg,184.jpg
WhatsApp-Image-2023-03-26-at-10-25-27-PM_jpeg.rf.21a4e9267ee86978d94376e957a92808.jpg,185.jpg
WhatsApp-Image-2023-03-26-at-11-09-12-AM-1-_jpeg.rf.2a5f720109e84d866e90d2af870b3c0c.jpg,186.jpg
WhatsApp-Image-2023-04-01-at-3-51-22-PM-2-_jpeg.rf.07d0dcebbd5ab9776d47b9a73491cb20.jpg,187.jpg
WhatsApp-Image-2023-04-01-at-3-51-48-PM-1-_jpeg.rf.44448ab6c9141814545f552445d7560e.jpg,188.jpg
WhatsApp-Image-2023-04-09-at-1-30-35-PM_jpeg.rf.da62fad4481b2dcb46db008da6684f73.jpg,189.jpg
WhatsApp-Image-2023-04-09-at-12-28-26-PM-1-_jpeg.rf.2fb8f4b7a7124508a3391bd3606b0da0.jpg,190.jpg
WhatsApp-Image-2023-04-09-at-12-28-26-PM_jpeg.rf.a8171b618c42b07565f6738e0a2031ee.jpg,191.jpg
WhatsApp-Image-2023-04-09-at-12-30-57-PM_jpeg.rf.0b5ad5d2a0572ae59b5dc48ad9b40b29.jpg,192.jpg
WhatsApp-Image-2023-04-09-at-12-30-59-PM_jpeg.rf.a8cf8e7628a436aa07bd88503b14e8dd.jpg,193.jpg
WhatsApp-Image-2023-04-09-at-12-31-00-PM_jpeg.rf.d7b62d1e8eb324ea15912a940ba4dd9c.jpg,194.jpg
WhatsApp-Image-2023-04-09-at-12-31-02-PM-1-_jpeg.rf.77564d9bcf1641aeb0ebea3abba6221d.jpg,195.jpg
WhatsApp-Image-2023-04-09-at-12-31-02-PM_jpeg_jpg.rf.241aa11900062e58d626f0d80fe1911f.jpg,196.jpg
WhatsApp-Image-2023-04-09-at-12-38-12-PM_jpeg.rf.434c1b98877b3a38625f166dc7412d34.jpg,197.jpg
WhatsApp-Image-2023-04-09-at-12-38-15-PM_jpeg.rf.416c5a222295a02cc70ef9365fa1d3f9.jpg,198.jpg
WhatsApp-Image-2023-04-09-at-12-38-17-PM-1-_jpeg.rf.2328d2f856a69c8b9513c230d0d5abc3.jpg,199.jpg
WhatsApp-Image-2023-04-09-at-12-38-18-PM-1-_jpeg.rf.fd46dec93949fc3f225a72431df3e5f1.jpg,200.jpg
WhatsApp-Image-2023-04-09-at-12-38-19-PM_jpeg.rf.0b14a31af80664687415ca3776536388.jpg,201.jpg
WhatsApp-Image-2023-04-10-at-7-08-27-PM_jpeg_jpg.rf.5c3ae4667a0adec7f4515e686373a971.jpg,202.jpg
WhatsApp-Image-2023-04-12-at-12-22-07-PM-1-_jpeg_jpg.rf.34893fa4a514fab5b8f57c22c34cd492.jpg,203.jpg
WhatsApp-Image-2023-04-12-at-12-22-14-PM-1-_jpeg_jpg.rf.29bcda7a40d1cc95045dbddd4a395fbb.jpg,204.jpg
WhatsApp-Image-2023-04-12-at-12-46-29-AM_jpeg_jpg.rf.9ec077eee10ad061d4d72686d3643d47.jpg,205.jpg
WhatsApp-Image-2023-04-12-at-12-46-33-AM-2-_jpeg_jpg.rf.0dcc64af49fa483f72d76ed22399014d.jpg,206.jpg
WhatsApp-Image-2023-04-12-at-12-48-01-AM-1-_jpeg_jpg.rf.4c3669f4a26f615c41a8c16de636df06.jpg,207.jpg
WhatsApp-Image-2023-04-12-at-12-48-05-AM-1-_jpeg_jpg.rf.75c34d5ecf98359927297d3f89cbcc35.jpg,208.jpg
WhatsApp-Image-2023-04-12-at-12-48-12-AM_jpeg_jpg.rf.460a57eaadd2096e3b5ccf603ab66af6.jpg,209.jpg
WhatsApp-Image-2023-04-13-at-1-56-13-PM_jpeg_jpg.rf.65c670dbc33743c08fb46ce4cc79b124.jpg,210.jpg
WhatsApp-Image-2023-04-15-at-10-42-10-AM_jpeg_jpg.rf.d575a6f9bcb627d1f8e07077310d675f.jpg,211.jpg
WhatsApp-Image-2023-04-16-at-8-25-29-PM-1-_jpeg_jpg.rf.faf53bedc01ec9b519e55bf674d818d5.jpg,212.jpg
WhatsApp-Image-2023-04-16-at-8-25-29-PM_jpeg_jpg.rf.9536547862bf03f76ddc730c0d26707e.jpg,213.jpg
WhatsApp-Image-2023-04-16-at-8-25-30-PM-2-_jpeg_jpg.rf.c80f31fdfbbd6e31b92d762e2a165ff0.jpg,214.jpg
WhatsApp-Image-2023-04-16-at-8-25-31-PM_jpeg_jpg.rf.2b50072c33b4de19904324e228bf40d4.jpg,215.jpg
received_152656080944140_jpeg_jpg.rf.8f161a669fb0aa20e804ef2dfab82cd8.jpg,216.jpg
